{"cameraMode":{"drawMode":0,"name":"Shaded","section":"Shading Mode"},"sceneLighting":true,"audioPlay":false,"sceneViewState":{"m_AlwaysRefresh":false,"showFog":true,"showSkybox":true,"showFlares":true,"showImageEffects":true,"showParticleSystems":true,"showVisualEffectGraphs":true,"m_FxEnabled":false},"in2DMode":false,"pivot":{"x":10.460000038146973,"y":3.4800000190734865,"z":6.039999961853027},"rotation":{"x":0.34782806038856509,"y":0.3460145890712738,"z":-0.13993394374847413,"w":0.8600689768791199},"size":5.785265922546387,"orthographic":false}